Date ,Day,Month,Quarter,Year,series ,OPEN ,HIGH ,LOW ,PREV. CLOSE ,ltp ,close ,vwap ,52W H ,52W L ,VOLUME ,No of trades 
01-Oct-24,Tuesday,October,Q4,2024,EQ,2961.30,2975.90,2925.65,2953.15,2927.00,2929.65,2938.60,3217.60,2220.30,8215821.00,330546.00
30-Sep-24,Monday,September,Q3,2024,EQ,3038.80,3049.95,2948.80,3052.35,2958.00,2953.15,2977.44,3217.60,2220.30,13504407.00,431656.00
27-Sep-24,Friday,September,Q3,2024,EQ,2998.00,3066.95,2984.00,2995.90,3047.05,3052.35,3024.87,3217.60,2220.30,10298739.00,328612.00
26-Sep-24,Thursday,September,Q3,2024,EQ,2981.30,3008.00,2976.10,2987.90,3008.00,2995.90,2994.82,3217.60,2220.30,9409499.00,259792.00
25-Sep-24,Wednesday,September,Q3,2024,EQ,2967.80,2993.00,2960.40,2978.75,2988.05,2987.90,2976.46,3217.60,2220.30,3534501.00,154120.00
24-Sep-24,Tuesday,September,Q3,2024,EQ,2977.00,3001.00,2975.75,2986.75,2980.50,2978.75,2986.14,3217.60,2220.30,8568722.00,201586.00
23-Sep-24,Monday,September,Q3,2024,EQ,2982.00,3003.00,2977.90,2971.85,2985.00,2986.75,2990.93,3217.60,2220.30,4416157.00,146805.00
20-Sep-24,Friday,September,Q3,2024,EQ,2948.00,2990.00,2942.75,2939.35,2972.10,2971.85,2970.54,3217.60,2220.30,15448660.00,379677.00
19-Sep-24,Thursday,September,Q3,2024,EQ,2932.50,2953.00,2911.10,2926.90,2940.00,2939.35,2934.14,3217.60,2220.30,8477951.00,259931.00
18-Sep-24,Wednesday,September,Q3,2024,EQ,2940.00,2964.00,2921.10,2944.60,2923.00,2926.90,2939.96,3217.60,2220.30,4287357.00,179852.00
17-Sep-24,Tuesday,September,Q3,2024,EQ,2948.00,2954.95,2933.25,2942.70,2945.00,2944.60,2943.09,3217.60,2220.30,2967664.00,148458.00
16-Sep-24,Monday,September,Q3,2024,EQ,2955.10,2961.80,2929.50,2945.25,2944.35,2942.70,2944.45,3217.60,2220.30,2740887.00,127429.00
13-Sep-24,Friday,September,Q3,2024,EQ,2952.80,2966.30,2939.00,2959.60,2946.50,2945.25,2951.65,3217.60,2220.30,4355664.00,133244.00
12-Sep-24,Thursday,September,Q3,2024,EQ,2914.00,2972.00,2891.75,2903.00,2953.00,2959.60,2930.24,3217.60,2220.30,11174688.00,365694.00
11-Sep-24,Wednesday,September,Q3,2024,EQ,2926.10,2937.50,2895.10,2923.05,2904.45,2903.00,2917.10,3217.60,2220.30,4880101.00,254431.00
10-Sep-24,Tuesday,September,Q3,2024,EQ,2921.00,2944.10,2915.15,2924.90,2924.00,2923.05,2928.75,3217.60,2220.30,5384130.00,186858.00
09-Sep-24,Monday,September,Q3,2024,EQ,2933.00,2939.85,2911.20,2929.65,2927.00,2924.90,2923.84,3217.60,2220.30,4505149.00,179506.00
06-Sep-24,Friday,September,Q3,2024,EQ,2985.00,2994.00,2923.25,2985.95,2930.95,2929.65,2938.97,3217.60,2220.30,9697114.00,447718.00
05-Sep-24,Thursday,September,Q3,2024,EQ,3038.10,3051.55,2974.10,3029.10,2991.00,2985.95,3007.10,3217.60,2220.30,8132084.00,343225.00
04-Sep-24,Wednesday,September,Q3,2024,EQ,3001.40,3035.00,2999.00,3018.25,3031.95,3029.10,3023.30,3217.60,2220.30,5991652.00,252191.00
03-Sep-24,Tuesday,September,Q3,2024,EQ,3042.50,3046.00,3015.00,3032.50,3018.90,3018.25,3026.09,3217.60,2220.30,5461900.00,226578.00
02-Sep-24,Monday,September,Q3,2024,EQ,3021.75,3053.60,3013.25,3019.25,3034.40,3032.50,3034.10,3217.60,2220.30,5620426.00,280541.00
30-Aug-24,Friday,August,Q3,2024,EQ,3068.00,3079.45,3006.65,3041.85,3024.95,3019.25,3026.71,3217.60,2220.30,20810365.00,599570.00
29-Aug-24,Thursday,August,Q3,2024,EQ,3006.20,3074.00,2988.00,2996.60,3042.90,3041.85,3038.57,3217.60,2220.30,19167679.00,570843.00
28-Aug-24,Wednesday,August,Q3,2024,EQ,3010.00,3014.95,2986.00,3000.90,2999.00,2996.60,2999.57,3217.60,2220.30,4805143.00,200883.00
27-Aug-24,Tuesday,August,Q3,2024,EQ,3021.00,3026.95,2998.90,3025.20,3001.00,3000.90,3008.12,3217.60,2220.30,3125578.00,101024.00
26-Aug-24,Monday,August,Q3,2024,EQ,3013.95,3046.00,3006.00,2999.95,3021.20,3025.20,3028.80,3217.60,2220.30,4408057.00,237540.00
23-Aug-24,Friday,August,Q3,2024,EQ,3007.50,3022.65,2996.85,2996.25,2996.85,2999.95,3007.21,3217.60,2220.30,4624827.00,168002.00
22-Aug-24,Thursday,August,Q3,2024,EQ,3006.00,3013.00,2981.30,2997.35,2996.50,2996.25,2994.88,3217.60,2220.30,5222891.00,233216.00
21-Aug-24,Wednesday,August,Q3,2024,EQ,2986.50,3015.75,2980.00,2991.90,2999.00,2997.35,3001.42,3217.60,2220.30,3884998.00,141353.00
20-Aug-24,Tuesday,August,Q3,2024,EQ,2994.45,3007.85,2980.05,2976.80,2986.50,2991.90,2996.98,3217.60,2220.30,4205904.00,175516.00
19-Aug-24,Monday,August,Q3,2024,EQ,2965.00,2996.60,2961.00,2956.40,2979.00,2976.80,2980.25,3217.60,2220.30,6898871.00,200328.00
16-Aug-24,Friday,August,Q3,2024,EQ,2937.30,2960.80,2916.10,2923.70,2957.75,2956.40,2944.77,3217.60,2220.30,4708451.00,187365.00
14-Aug-24,Wednesday,August,Q3,2024,EQ,2927.10,2944.00,2907.40,2927.25,2920.10,2923.70,2925.78,3217.60,2220.30,3133733.00,185733.00
13-Aug-24,Tuesday,August,Q3,2024,EQ,2921.50,2940.15,2916.00,2921.25,2925.00,2927.25,2928.29,3217.60,2220.30,3132532.00,134517.00
12-Aug-24,Monday,August,Q3,2024,EQ,2940.00,2946.00,2915.50,2948.60,2923.00,2921.25,2929.82,3217.60,2220.30,4092292.00,188301.00
09-Aug-24,Friday,August,Q3,2024,EQ,2920.00,2953.00,2912.00,2898.25,2946.10,2948.60,2939.20,3217.60,2220.30,3124888.00,150169.00
08-Aug-24,Thursday,August,Q3,2024,EQ,2915.05,2930.00,2891.85,2929.65,2896.45,2898.25,2905.69,3217.60,2220.30,6193596.00,255138.00
07-Aug-24,Wednesday,August,Q3,2024,EQ,2938.00,2945.00,2923.00,2912.10,2930.00,2929.65,2930.89,3217.60,2220.30,4087284.00,276362.00
06-Aug-24,Tuesday,August,Q3,2024,EQ,2910.30,2955.00,2902.65,2894.65,2915.55,2912.10,2929.53,3217.60,2220.30,5118093.00,197549.00
05-Aug-24,Monday,August,Q3,2024,EQ,2960.00,2967.80,2866.50,2998.65,2896.00,2894.65,2901.81,3217.60,2220.30,8523352.00,448630.00
02-Aug-24,Friday,August,Q3,2024,EQ,3010.00,3018.65,2986.55,3030.60,2992.00,2998.65,3001.82,3217.60,2220.30,5134124.00,176635.00
01-Aug-24,Thursday,August,Q3,2024,EQ,3024.00,3036.00,3008.60,3010.85,3035.90,3030.60,3025.50,3217.60,2220.30,5382111.00,219081.00
31-Jul-24,Wednesday,July,Q3,2024,EQ,3008.00,3020.90,3002.30,3026.30,3009.00,3010.85,3010.83,3217.60,2220.30,5028673.00,201961.00
30-Jul-24,Tuesday,July,Q3,2024,EQ,3034.05,3050.00,3020.00,3040.20,3023.00,3026.30,3033.38,3217.60,2220.30,4114104.00,184296.00
29-Jul-24,Monday,July,Q3,2024,EQ,3023.90,3055.00,3023.55,3018.05,3038.25,3040.20,3038.43,3217.60,2220.30,3769275.00,170155.00
26-Jul-24,Friday,July,Q3,2024,EQ,2984.80,3024.85,2980.70,2984.80,3018.60,3018.05,3012.08,3217.60,2220.30,4929970.00,180757.00
25-Jul-24,Thursday,July,Q3,2024,EQ,2962.00,3000.95,2954.15,2991.40,2988.35,2984.80,2980.72,3217.60,2220.30,6259938.00,221753.00
24-Jul-24,Wednesday,July,Q3,2024,EQ,2970.00,3019.00,2952.80,2975.80,2988.00,2991.40,2987.68,3217.60,2220.30,5956681.00,232120.00
23-Jul-24,Tuesday,July,Q3,2024,EQ,3002.00,3011.50,2926.00,3001.35,2970.05,2975.80,2969.60,3217.60,2220.30,9026022.00,384359.00
22-Jul-24,Monday,July,Q3,2024,EQ,3074.50,3075.00,2998.55,3110.30,3004.00,3001.35,3016.24,3217.60,2220.30,9837188.00,465224.00
19-Jul-24,Friday,July,Q3,2024,EQ,3172.00,3179.95,3105.60,3173.35,3116.95,3110.30,3128.40,3217.60,2220.30,6570195.00,213186.00
18-Jul-24,Thursday,July,Q3,2024,EQ,3152.00,3187.80,3115.65,3152.50,3170.60,3173.35,3155.52,3217.60,2220.30,6149187.00,212178.00
16-Jul-24,Tuesday,July,Q3,2024,EQ,3187.00,3200.00,3138.25,3194.45,3148.30,3152.50,3166.04,3217.60,2220.30,4693419.00,230262.00
15-Jul-24,Monday,July,Q3,2024,EQ,3208.90,3211.70,3171.00,3193.45,3193.60,3194.45,3191.40,3217.60,2220.30,2664844.00,187867.00
12-Jul-24,Friday,July,Q3,2024,EQ,3169.00,3210.30,3149.00,3161.30,3195.00,3193.45,3186.07,3217.60,2220.30,6462392.00,246838.00
11-Jul-24,Thursday,July,Q3,2024,EQ,3175.00,3208.50,3141.00,3168.45,3170.00,3161.30,3169.61,3217.60,2220.30,5970473.00,246252.00
10-Jul-24,Wednesday,July,Q3,2024,EQ,3190.00,3195.00,3126.30,3180.55,3164.00,3168.45,3154.77,3217.60,2220.30,3567289.00,182113.00
09-Jul-24,Tuesday,July,Q3,2024,EQ,3195.20,3201.00,3161.00,3201.80,3176.30,3180.55,3178.56,3217.60,2220.30,3480001.00,159638.00
08-Jul-24,Monday,July,Q3,2024,EQ,3178.00,3217.60,3165.05,3177.25,3201.50,3201.80,3195.83,3217.60,2220.30,4750403.00,240527.00
05-Jul-24,Friday,July,Q3,2024,EQ,3107.65,3197.00,3096.00,3108.05,3189.90,3177.25,3149.82,3197.00,2220.30,6134855.00,261494.00
04-Jul-24,Thursday,July,Q3,2024,EQ,3114.00,3135.00,3101.60,3104.85,3106.00,3108.05,3116.99,3162.00,2220.30,3418588.00,173336.00
03-Jul-24,Wednesday,July,Q3,2024,EQ,3132.65,3150.00,3085.55,3130.35,3109.00,3104.85,3104.97,3162.00,2220.30,4524810.00,185754.00
02-Jul-24,Tuesday,July,Q3,2024,EQ,3139.00,3147.00,3114.00,3120.30,3126.20,3130.35,3129.71,3162.00,2220.30,3874623.00,179115.00
01-Jul-24,Monday,July,Q3,2024,EQ,3125.05,3158.80,3111.35,3130.80,3123.00,3120.30,3126.53,3162.00,2220.30,3862153.00,186641.00
28-Jun-24,Friday,June,Q2,2024,EQ,3062.05,3162.00,3062.05,3061.10,3128.25,3130.80,3120.51,3162.00,2220.30,14478668.00,484009.00
27-Jun-24,Thursday,June,Q2,2024,EQ,3027.50,3075.00,3012.00,3028.05,3057.10,3061.10,3056.99,3075.00,2220.30,14191515.00,437882.00
26-Jun-24,Wednesday,June,Q2,2024,EQ,2892.10,3037.95,2890.25,2908.30,3021.10,3028.05,2984.44,3037.95,2220.30,11007441.00,355204.00
25-Jun-24,Tuesday,June,Q2,2024,EQ,2886.00,2911.85,2882.00,2882.95,2905.05,2908.30,2897.19,3029.00,2220.30,3522693.00,143772.00
24-Jun-24,Monday,June,Q2,2024,EQ,2891.05,2899.00,2875.00,2908.40,2885.00,2882.95,2885.46,3029.00,2220.30,4439193.00,204050.00
21-Jun-24,Friday,June,Q2,2024,EQ,2947.25,2949.40,2881.15,2947.40,2912.00,2908.40,2909.13,3029.00,2220.30,15585180.00,338377.00
20-Jun-24,Thursday,June,Q2,2024,EQ,2918.00,2965.70,2900.20,2917.30,2949.00,2947.40,2945.61,3029.00,2220.30,8056888.00,219372.00
19-Jun-24,Wednesday,June,Q2,2024,EQ,2975.00,2975.00,2912.00,2962.05,2917.00,2917.30,2935.27,3029.00,2220.30,4362937.00,181800.00
18-Jun-24,Tuesday,June,Q2,2024,EQ,2974.70,2974.80,2942.70,2955.10,2959.90,2962.05,2956.95,3029.00,2220.30,3598383.00,228749.00
14-Jun-24,Friday,June,Q2,2024,EQ,2940.00,2959.35,2914.45,2930.50,2951.45,2955.10,2944.28,3029.00,2220.30,4078999.00,150934.00
13-Jun-24,Thursday,June,Q2,2024,EQ,2944.00,2944.50,2920.20,2926.65,2927.60,2930.50,2932.52,3029.00,2220.30,4590580.00,150823.00
12-Jun-24,Wednesday,June,Q2,2024,EQ,2915.00,2952.00,2910.35,2913.35,2924.50,2926.65,2933.93,3029.00,2220.30,5040871.00,194907.00
11-Jun-24,Tuesday,June,Q2,2024,EQ,2938.00,2947.35,2909.35,2942.80,2915.05,2913.35,2927.47,3029.00,2220.30,5887451.00,210257.00
10-Jun-24,Monday,June,Q2,2024,EQ,2939.90,2986.70,2936.15,2939.90,2944.05,2942.80,2961.63,3029.00,2220.30,4625880.00,213285.00
07-Jun-24,Friday,June,Q2,2024,EQ,2857.00,2944.00,2853.00,2863.20,2931.10,2939.90,2917.34,3029.00,2220.30,9279348.00,344744.00
06-Jun-24,Thursday,June,Q2,2024,EQ,2870.00,2887.40,2842.70,2841.50,2872.00,2863.20,2860.47,3029.00,2220.30,8927861.00,361277.00
05-Jun-24,Wednesday,June,Q2,2024,EQ,2844.00,2862.30,2768.20,2794.55,2838.85,2841.50,2821.32,3029.00,2220.30,8732445.00,474290.00
04-Jun-24,Tuesday,June,Q2,2024,EQ,2996.10,2996.10,2718.60,3020.65,2816.45,2794.55,2840.81,3029.00,2220.30,18354549.00,687198.00
03-Jun-24,Monday,June,Q2,2024,EQ,2966.00,3029.00,2918.00,2860.80,3027.75,3020.65,2978.07,3029.00,2220.30,10763971.00,527552.00
31-May-24,Friday,May,Q2,2024,EQ,2862.60,2884.50,2844.50,2849.70,2859.00,2860.80,2859.97,3024.90,2220.30,15534916.00,291018.00
30-May-24,Thursday,May,Q2,2024,EQ,2871.00,2880.80,2840.20,2881.55,2859.10,2849.70,2853.56,3024.90,2220.30,6603429.00,248791.00
29-May-24,Wednesday,May,Q2,2024,EQ,2893.00,2916.00,2876.90,2912.40,2881.05,2881.55,2892.28,3024.90,2220.30,3691778.00,166778.00
28-May-24,Tuesday,May,Q2,2024,EQ,2936.00,2957.00,2905.50,2932.50,2911.00,2912.40,2930.70,3024.90,2220.30,3910081.00,177899.00
27-May-24,Monday,May,Q2,2024,EQ,2960.45,2969.80,2923.10,2960.50,2934.90,2932.50,2944.31,3024.90,2220.30,3314505.00,142936.00
24-May-24,Friday,May,Q2,2024,EQ,2967.25,2977.00,2952.20,2972.10,2959.00,2960.50,2962.79,3024.90,2220.30,3547388.00,142807.00
23-May-24,Thursday,May,Q2,2024,EQ,2917.10,2984.45,2910.00,2921.30,2969.00,2972.10,2956.98,3024.90,2220.30,7304130.00,254418.00
22-May-24,Wednesday,May,Q2,2024,EQ,2872.55,2937.55,2872.55,2872.25,2921.00,2921.30,2918.56,3024.90,2220.30,5140802.00,241909.00
21-May-24,Tuesday,May,Q2,2024,EQ,2851.20,2883.65,2851.20,2869.65,2867.95,2872.25,2867.19,3024.90,2220.30,5588064.00,303596.00
18-May-24,Saturday,May,Q2,2024,EQ,2875.00,2879.00,2865.40,2871.40,2869.50,2869.65,2871.38,3024.90,2220.30,213020.00,9456.00
17-May-24,Friday,May,Q2,2024,EQ,2846.10,2874.40,2826.50,2850.70,2870.10,2871.40,2859.68,3024.90,2220.30,5458238.00,200677.00
16-May-24,Thursday,May,Q2,2024,EQ,2837.10,2855.00,2796.05,2832.55,2851.00,2850.70,2830.30,3024.90,2220.30,7355887.00,359411.00
15-May-24,Wednesday,May,Q2,2024,EQ,2841.00,2859.95,2826.05,2840.15,2831.70,2832.55,2841.94,3024.90,2220.30,2523267.00,147326.00
14-May-24,Tuesday,May,Q2,2024,EQ,2801.95,2854.15,2800.05,2805.40,2839.00,2840.15,2834.55,3024.90,2220.30,3594150.00,248782.00
13-May-24,Monday,May,Q2,2024,EQ,2799.80,2813.95,2768.00,2814.85,2805.00,2805.40,2795.26,3024.90,2220.30,4228310.00,200542.00
10-May-24,Friday,May,Q2,2024,EQ,2793.50,2820.00,2776.15,2788.25,2808.00,2814.85,2800.80,3024.90,2220.30,5252548.00,238752.00
09-May-24,Thursday,May,Q2,2024,EQ,2826.00,2847.50,2780.00,2837.10,2785.00,2788.25,2800.69,3024.90,2220.30,5504806.00,280459.00
08-May-24,Wednesday,May,Q2,2024,EQ,2795.00,2865.90,2795.00,2802.95,2834.25,2837.10,2834.70,3024.90,2220.30,4719501.00,191054.00
07-May-24,Tuesday,May,Q2,2024,EQ,2831.95,2841.50,2784.00,2839.05,2808.00,2802.95,2804.43,3024.90,2220.30,7258736.00,308242.00
06-May-24,Monday,May,Q2,2024,EQ,2871.00,2880.00,2836.00,2868.00,2843.40,2839.05,2851.80,3024.90,2220.30,3697104.00,168077.00
03-May-24,Friday,May,Q2,2024,EQ,2942.00,2949.90,2832.30,2933.10,2871.00,2868.00,2876.27,3024.90,2220.30,8613479.00,358280.00
02-May-24,Thursday,May,Q2,2024,EQ,2944.00,2954.65,2928.25,2934.00,2938.10,2933.10,2941.23,3024.90,2220.30,7256323.00,306721.00
30-Apr-24,Tuesday,April,Q2,2024,EQ,2936.00,2966.15,2925.75,2930.05,2932.00,2934.00,2947.60,3024.90,2220.30,5737131.00,210901.00
29-Apr-24,Monday,April,Q2,2024,EQ,2900.00,2935.80,2900.00,2905.10,2927.50,2930.05,2926.58,3024.90,2220.30,3623987.00,158806.00
26-Apr-24,Friday,April,Q2,2024,EQ,2927.90,2930.00,2900.00,2919.95,2908.50,2905.10,2911.85,3024.90,2220.30,4706924.00,208164.00
25-Apr-24,Thursday,April,Q2,2024,EQ,2885.00,2935.95,2883.00,2900.35,2917.70,2919.95,2914.62,3024.90,2220.30,7971963.00,236911.00
24-Apr-24,Wednesday,April,Q2,2024,EQ,2927.00,2937.10,2899.00,2918.65,2901.45,2900.35,2917.88,3024.90,2220.30,5231388.00,186848.00
23-Apr-24,Tuesday,April,Q2,2024,EQ,2958.00,2987.00,2911.10,2959.70,2919.50,2918.65,2944.51,3024.90,2220.30,7302777.00,339439.00
22-Apr-24,Monday,April,Q2,2024,EQ,2944.90,2965.65,2935.60,2940.25,2962.90,2959.70,2950.88,3024.90,2220.30,5175181.00,163758.00
19-Apr-24,Friday,April,Q2,2024,EQ,2913.55,2948.00,2886.05,2928.65,2943.05,2940.25,2922.72,3024.90,2220.30,7870889.00,257506.00
18-Apr-24,Thursday,April,Q2,2024,EQ,2927.00,2972.00,2918.70,2931.50,2925.00,2928.65,2940.33,3024.90,2220.30,9502846.00,292105.00
16-Apr-24,Tuesday,April,Q2,2024,EQ,2906.70,2942.35,2901.85,2929.65,2936.50,2931.50,2922.76,3024.90,2220.30,4683092.00,202013.00
15-Apr-24,Monday,April,Q2,2024,EQ,2922.00,2964.25,2892.65,2934.30,2931.00,2929.65,2937.49,3024.90,2220.30,6451031.00,278625.00
12-Apr-24,Friday,April,Q2,2024,EQ,2951.75,2972.95,2926.15,2959.15,2937.15,2934.30,2950.89,3024.90,2220.30,7775506.00,318190.00
10-Apr-24,Wednesday,April,Q2,2024,EQ,2932.70,2974.00,2932.70,2927.30,2955.00,2959.15,2956.51,3024.90,2220.30,4569165.00,247782.00
09-Apr-24,Tuesday,April,Q2,2024,EQ,2978.00,2979.60,2925.00,2971.95,2931.90,2927.30,2942.09,3024.90,2220.30,3535707.00,166238.00
08-Apr-24,Monday,April,Q2,2024,EQ,2925.95,2981.95,2922.00,2920.20,2970.00,2971.95,2967.76,3024.90,2220.30,4178559.00,144054.00
05-Apr-24,Friday,April,Q2,2024,EQ,2921.75,2941.60,2912.00,2925.85,2925.95,2920.20,2924.97,3024.90,2220.30,3721149.00,138742.00
04-Apr-24,Thursday,April,Q2,2024,EQ,2959.50,2959.50,2900.00,2943.20,2931.00,2925.85,2924.41,3024.90,2220.30,7245136.00,305593.00
03-Apr-24,Wednesday,April,Q2,2024,EQ,2964.15,2968.90,2937.80,2973.90,2944.95,2943.20,2950.91,3024.90,2220.30,3504146.00,152022.00
02-Apr-24,Tuesday,April,Q2,2024,EQ,2968.00,2988.00,2950.00,2969.55,2977.00,2973.90,2964.64,3024.90,2220.30,4455083.00,144866.00
01-Apr-24,Monday,April,Q2,2024,EQ,2984.95,2987.95,2965.00,2971.70,2974.80,2969.55,2973.78,3024.90,2220.30,2506940.00,128873.00
28-Mar-24,Thursday,March,Q1,2024,EQ,2985.75,3011.90,2957.30,2985.70,2970.30,2971.70,2988.81,3024.90,2220.30,10927182.00,289271.00
27-Mar-24,Wednesday,March,Q1,2024,EQ,2896.00,3000.00,2894.00,2883.15,2983.75,2985.70,2972.19,3024.90,2220.30,8163322.00,299800.00
26-Mar-24,Tuesday,March,Q1,2024,EQ,2890.00,2904.80,2878.00,2910.05,2886.70,2883.15,2887.28,3024.90,2220.30,5707953.00,174805.00
22-Mar-24,Friday,March,Q1,2024,EQ,2899.95,2920.00,2894.70,2901.95,2906.55,2910.05,2909.59,3024.90,2220.30,9763804.00,286746.00
21-Mar-24,Thursday,March,Q1,2024,EQ,2905.05,2915.80,2889.35,2887.50,2900.05,2901.95,2903.52,3024.90,2220.30,6503468.00,244846.00
20-Mar-24,Wednesday,March,Q1,2024,EQ,2855.90,2890.00,2848.05,2850.50,2886.25,2887.50,2874.53,3024.90,2220.30,4244403.00,208132.00
19-Mar-24,Tuesday,March,Q1,2024,EQ,2857.50,2875.20,2834.50,2878.95,2849.15,2850.50,2848.79,3024.90,2220.30,4137882.00,196658.00
18-Mar-24,Monday,March,Q1,2024,EQ,2840.00,2883.45,2833.05,2836.45,2874.00,2878.95,2858.10,3024.90,2220.30,4584696.00,228224.00
15-Mar-24,Friday,March,Q1,2024,EQ,2851.90,2866.45,2825.80,2862.95,2838.00,2836.45,2839.66,3024.90,2220.30,9611909.00,249827.00
14-Mar-24,Thursday,March,Q1,2024,EQ,2879.40,2897.05,2851.00,2864.35,2870.00,2862.95,2871.07,3024.90,2220.30,9285551.00,343017.00
13-Mar-24,Wednesday,March,Q1,2024,EQ,2959.55,2966.20,2855.55,2950.85,2873.20,2864.35,2889.98,3024.90,2220.30,6761067.00,255973.00
12-Mar-24,Tuesday,March,Q1,2024,EQ,2933.20,2976.00,2930.05,2933.20,2953.50,2950.85,2956.49,3024.90,2220.30,4716339.00,178946.00
11-Mar-24,Monday,March,Q1,2024,EQ,2978.00,2978.00,2927.00,2957.85,2928.00,2933.20,2950.20,3024.90,2220.30,5638565.00,255615.00
07-Mar-24,Thursday,March,Q1,2024,EQ,3005.95,3006.20,2951.10,3006.00,2957.00,2957.85,2973.36,3024.90,2220.30,4157863.00,195070.00
06-Mar-24,Wednesday,March,Q1,2024,EQ,2986.90,3018.00,2957.00,3000.40,3002.85,3006.00,2991.36,3024.90,2220.30,3902838.00,205634.00
05-Mar-24,Tuesday,March,Q1,2024,EQ,3011.55,3014.80,2972.10,3014.80,2996.00,3000.40,2992.50,3024.90,2220.30,3553834.00,213477.00
04-Mar-24,Monday,March,Q1,2024,EQ,2980.95,3024.90,2974.45,2982.15,3010.00,3014.80,3003.93,3024.90,2220.30,5012210.00,240680.00
02-Mar-24,Saturday,March,Q1,2024,EQ,2984.00,3000.90,2976.00,2984.25,2980.95,2982.15,2989.65,3000.90,2220.30,358150.00,18856.00
01-Mar-24,Friday,March,Q1,2024,EQ,2927.00,3000.00,2925.00,2921.60,2977.00,2984.25,2966.96,3000.00,2220.30,6066463.00,272154.00
29-Feb-24,Thursday,February,Q1,2024,EQ,2930.00,2957.95,2909.05,2911.25,2930.75,2921.60,2927.13,2999.90,2220.30,11814488.00,298691.00
28-Feb-24,Wednesday,February,Q1,2024,EQ,2966.00,2982.55,2900.35,2971.30,2915.00,2911.25,2931.01,2999.90,2220.30,4323975.00,216192.00
27-Feb-24,Tuesday,February,Q1,2024,EQ,2966.05,2999.90,2956.10,2974.65,2971.00,2971.30,2974.38,2999.90,2220.30,5413022.00,197414.00
26-Feb-24,Monday,February,Q1,2024,EQ,2987.10,2989.05,2965.00,2987.25,2975.10,2974.65,2974.31,2995.10,2220.30,3756553.00,141799.00
23-Feb-24,Friday,February,Q1,2024,EQ,2979.00,2995.10,2966.70,2963.50,2986.55,2987.25,2982.96,2995.10,2220.30,7219292.00,255210.00
22-Feb-24,Thursday,February,Q1,2024,EQ,2936.30,2969.90,2916.00,2935.40,2962.20,2963.50,2944.65,2977.05,2220.30,9246864.00,273105.00
21-Feb-24,Wednesday,February,Q1,2024,EQ,2948.00,2977.05,2915.10,2942.05,2932.05,2935.40,2949.30,2977.05,2220.30,6360146.00,289896.00
20-Feb-24,Tuesday,February,Q1,2024,EQ,2950.05,2951.00,2923.60,2948.00,2941.45,2942.05,2937.06,2969.45,2220.30,3558748.00,172812.00
19-Feb-24,Monday,February,Q1,2024,EQ,2924.10,2959.00,2907.05,2921.15,2940.00,2948.00,2934.52,2969.45,2220.30,3364914.00,143935.00
16-Feb-24,Friday,February,Q1,2024,EQ,2952.95,2954.00,2917.10,2941.20,2925.00,2921.15,2932.13,2969.45,2220.30,4883749.00,170212.00
15-Feb-24,Thursday,February,Q1,2024,EQ,2966.70,2969.45,2933.05,2962.75,2944.50,2941.20,2946.03,2969.45,2220.30,5003391.00,236768.00
14-Feb-24,Wednesday,February,Q1,2024,EQ,2915.00,2967.30,2915.00,2930.20,2963.60,2962.75,2943.59,2967.30,2220.30,3558944.00,200869.00
13-Feb-24,Tuesday,February,Q1,2024,EQ,2911.00,2958.00,2908.00,2904.70,2926.20,2930.20,2934.72,2958.00,2220.30,3857797.00,178755.00
12-Feb-24,Monday,February,Q1,2024,EQ,2921.50,2922.00,2884.70,2921.50,2904.00,2904.70,2900.64,2949.80,2220.30,3337215.00,170350.00
09-Feb-24,Friday,February,Q1,2024,EQ,2908.00,2943.95,2901.90,2900.25,2917.30,2921.50,2924.38,2949.80,2220.30,6278399.00,248252.00
08-Feb-24,Thursday,February,Q1,2024,EQ,2900.00,2918.95,2855.05,2884.30,2916.00,2900.25,2882.90,2949.80,2220.30,7347317.00,320055.00
07-Feb-24,Wednesday,February,Q1,2024,EQ,2871.85,2899.00,2858.50,2855.60,2885.00,2884.30,2876.04,2949.80,2220.30,4648284.00,228951.00
06-Feb-24,Tuesday,February,Q1,2024,EQ,2883.70,2883.70,2839.65,2878.05,2854.75,2855.60,2859.49,2949.80,2220.30,4523992.00,240512.00
05-Feb-24,Monday,February,Q1,2024,EQ,2921.50,2941.00,2863.05,2915.40,2879.45,2878.05,2907.30,2949.80,2220.30,4407216.00,197343.00
02-Feb-24,Friday,February,Q1,2024,EQ,2866.35,2949.80,2866.35,2853.30,2913.00,2915.40,2913.44,2949.80,2220.30,9826294.00,420949.00
01-Feb-24,Thursday,February,Q1,2024,EQ,2870.00,2886.70,2836.10,2853.25,2851.50,2853.30,2857.88,2919.95,2220.30,6674681.00,259110.00
31-Jan-24,Wednesday,January,Q1,2024,EQ,2808.00,2868.50,2805.00,2815.25,2850.00,2853.25,2847.99,2919.95,2220.30,7565113.00,343623.00
30-Jan-24,Tuesday,January,Q1,2024,EQ,2919.90,2919.95,2808.85,2896.10,2818.25,2815.25,2854.34,2919.95,2220.30,7046989.00,314728.00
29-Jan-24,Monday,January,Q1,2024,EQ,2729.00,2905.00,2720.35,2706.15,2890.10,2896.10,2842.26,2905.00,2220.30,11946719.00,464414.00
25-Jan-24,Thursday,January,Q1,2024,EQ,2685.90,2728.30,2670.40,2687.75,2711.00,2706.15,2697.07,2792.90,2220.30,5904436.00,199408.00
24-Jan-24,Wednesday,January,Q1,2024,EQ,2670.45,2699.00,2647.85,2657.15,2694.90,2687.75,2664.32,2792.90,2220.30,10959564.00,253093.00
23-Jan-24,Tuesday,January,Q1,2024,EQ,2743.50,2743.50,2645.10,2713.30,2656.75,2657.15,2674.90,2792.90,2220.30,10027710.00,337484.00
20-Jan-24,Saturday,January,Q1,2024,EQ,2730.00,2766.95,2700.00,2734.90,2716.00,2713.30,2734.20,2792.90,2220.30,3641697.00,128579.00
19-Jan-24,Friday,January,Q1,2024,EQ,2752.00,2752.00,2718.00,2735.90,2736.45,2734.90,2732.29,2792.90,2220.30,5211352.00,275902.00
18-Jan-24,Thursday,January,Q1,2024,EQ,2702.80,2742.00,2702.50,2723.15,2734.75,2735.90,2724.93,2792.90,2220.30,5139719.00,253448.00
17-Jan-24,Wednesday,January,Q1,2024,EQ,2719.00,2772.55,2710.05,2749.25,2723.50,2723.15,2738.75,2792.90,2220.30,6098691.00,312203.00
16-Jan-24,Tuesday,January,Q1,2024,EQ,2779.95,2792.60,2741.00,2788.25,2746.80,2749.25,2770.68,2792.90,2220.30,4534512.00,235619.00
15-Jan-24,Monday,January,Q1,2024,EQ,2750.00,2792.90,2732.00,2741.45,2786.00,2788.25,2768.73,2792.90,2220.30,4305297.00,237252.00
12-Jan-24,Friday,January,Q1,2024,EQ,2719.80,2746.65,2691.50,2719.80,2740.50,2741.45,2729.49,2746.65,2220.30,7506082.00,434055.00
11-Jan-24,Thursday,January,Q1,2024,EQ,2659.00,2725.00,2657.00,2650.10,2716.00,2719.80,2695.73,2725.00,2220.30,11862926.00,581952.00
10-Jan-24,Wednesday,January,Q1,2024,EQ,2577.00,2659.00,2575.05,2580.50,2655.00,2650.10,2616.79,2659.00,2220.30,5551370.00,179441.00
09-Jan-24,Tuesday,January,Q1,2024,EQ,2600.00,2606.80,2577.20,2587.35,2580.50,2580.50,2592.44,2634.00,2220.30,2701537.00,130706.00
08-Jan-24,Monday,January,Q1,2024,EQ,2610.00,2631.95,2568.95,2607.70,2586.00,2587.35,2600.55,2634.00,2220.30,3867326.00,171169.00
05-Jan-24,Friday,January,Q1,2024,EQ,2602.90,2619.85,2598.00,2596.65,2609.00,2607.70,2606.82,2634.00,2220.30,4043203.00,211413.00
04-Jan-24,Thursday,January,Q1,2024,EQ,2588.00,2609.85,2579.10,2583.30,2600.00,2596.65,2597.37,2634.00,2220.30,4806389.00,267185.00
03-Jan-24,Wednesday,January,Q1,2024,EQ,2610.00,2634.00,2577.20,2611.70,2580.75,2583.30,2606.46,2634.00,2220.30,4518768.00,198303.00
02-Jan-24,Tuesday,January,Q1,2024,EQ,2585.00,2615.00,2573.00,2590.25,2609.00,2611.70,2596.75,2630.95,2220.30,3724400.00,175872.00
01-Jan-24,Monday,January,Q1,2024,EQ,2580.55,2606.85,2573.15,2584.95,2588.45,2590.25,2588.14,2630.95,2220.30,2015270.00,115559.00
29-Dec-23,Friday,December,Q4,2023,EQ,2611.10,2614.00,2579.30,2605.55,2587.00,2584.95,2589.61,2630.95,2220.30,5432292.00,248419.00
28-Dec-23,Thursday,December,Q4,2023,EQ,2589.80,2612.00,2586.85,2586.85,2605.00,2605.55,2602.58,2630.95,2220.30,6151318.00,228625.00
27-Dec-23,Wednesday,December,Q4,2023,EQ,2582.00,2599.90,2573.10,2578.05,2583.35,2586.85,2586.56,2630.95,2220.30,4602078.00,191497.00
26-Dec-23,Tuesday,December,Q4,2023,EQ,2568.00,2591.95,2562.70,2565.05,2579.00,2578.05,2579.88,2630.95,2220.30,3732832.00,188513.00
22-Dec-23,Friday,December,Q4,2023,EQ,2559.60,2580.90,2547.65,2562.55,2561.00,2565.05,2559.79,2630.95,2220.30,8270892.00,274088.00
21-Dec-23,Thursday,December,Q4,2023,EQ,2527.00,2573.50,2518.25,2527.15,2561.00,2562.55,2551.74,2630.95,2220.30,6882727.00,235158.00
20-Dec-23,Wednesday,December,Q4,2023,EQ,2571.05,2598.85,2520.00,2558.10,2529.40,2527.15,2563.63,2630.95,2220.30,8868361.00,372595.00
19-Dec-23,Tuesday,December,Q4,2023,EQ,2555.00,2573.90,2525.20,2521.00,2556.50,2558.10,2553.63,2630.95,2220.30,8410302.00,331728.00
18-Dec-23,Monday,December,Q4,2023,EQ,2495.60,2534.90,2490.95,2495.60,2520.00,2521.00,2521.89,2630.95,2220.30,7082594.00,253336.00
15-Dec-23,Friday,December,Q4,2023,EQ,2478.00,2500.00,2470.05,2464.15,2492.00,2495.60,2487.92,2630.95,2220.30,7966076.00,219982.00
14-Dec-23,Thursday,December,Q4,2023,EQ,2454.00,2474.95,2442.65,2433.95,2463.55,2464.15,2464.76,2630.95,2220.30,8486177.00,308013.00
13-Dec-23,Wednesday,December,Q4,2023,EQ,2422.00,2438.35,2406.30,2424.05,2432.05,2433.95,2422.37,2630.95,2220.30,5015591.00,203903.00
12-Dec-23,Tuesday,December,Q4,2023,EQ,2460.00,2464.95,2420.15,2459.35,2424.00,2424.05,2442.73,2630.95,2220.30,4598562.00,164611.00
11-Dec-23,Monday,December,Q4,2023,EQ,2456.00,2467.60,2452.40,2455.75,2460.90,2459.35,2459.80,2630.95,2220.30,3533069.00,148258.00
08-Dec-23,Friday,December,Q4,2023,EQ,2463.85,2476.70,2445.00,2457.05,2451.00,2455.75,2457.48,2630.95,2220.30,5102447.00,193898.00
07-Dec-23,Thursday,December,Q4,2023,EQ,2460.00,2460.95,2442.00,2461.10,2456.15,2457.05,2453.62,2630.95,2220.30,4071048.00,169328.00
06-Dec-23,Wednesday,December,Q4,2023,EQ,2447.10,2472.95,2435.00,2437.75,2462.00,2461.10,2459.66,2630.95,2220.30,8211221.00,203350.00
05-Dec-23,Tuesday,December,Q4,2023,EQ,2439.00,2440.85,2421.65,2420.20,2437.15,2437.75,2435.32,2630.95,2220.30,6346812.00,270813.00
04-Dec-23,Monday,December,Q4,2023,EQ,2450.00,2450.00,2398.60,2394.30,2421.00,2420.20,2417.16,2630.95,2220.30,7795495.00,249010.00
01-Dec-23,Friday,December,Q4,2023,EQ,2378.00,2396.40,2377.60,2377.45,2393.00,2394.30,2389.47,2630.95,2220.30,7171421.00,218016.00
30-Nov-23,Thursday,November,Q4,2023,EQ,2394.70,2400.70,2369.90,2400.70,2379.00,2377.45,2382.58,2630.95,2220.30,14219992.00,368003.00
29-Nov-23,Wednesday,November,Q4,2023,EQ,2408.00,2411.95,2398.05,2394.40,2400.00,2400.70,2406.54,2630.95,2220.30,6265653.00,161091.00
28-Nov-23,Tuesday,November,Q4,2023,EQ,2393.90,2399.70,2375.25,2393.90,2395.15,2394.40,2383.04,2630.95,2220.30,6896087.00,221537.00
24-Nov-23,Friday,November,Q4,2023,EQ,2391.60,2402.60,2391.05,2395.50,2394.25,2393.90,2397.29,2630.95,2220.30,3374743.00,182231.00
23-Nov-23,Thursday,November,Q4,2023,EQ,2388.20,2400.00,2388.20,2388.20,2393.90,2395.50,2395.76,2630.95,2220.30,4265771.00,151936.00
22-Nov-23,Wednesday,November,Q4,2023,EQ,2375.00,2394.45,2372.20,2378.90,2387.00,2388.20,2385.76,2630.95,2220.30,4267407.00,177755.00
21-Nov-23,Tuesday,November,Q4,2023,EQ,2366.00,2388.00,2360.20,2349.35,2377.00,2378.90,2377.09,2630.95,2220.30,4107225.00,163809.00
20-Nov-23,Monday,November,Q4,2023,EQ,2348.55,2358.40,2336.40,2355.55,2349.00,2349.35,2346.96,2630.95,2220.30,2245093.00,117438.00
17-Nov-23,Friday,November,Q4,2023,EQ,2352.90,2373.25,2352.05,2360.70,2354.85,2355.55,2363.50,2630.95,2220.30,3879317.00,140454.00
16-Nov-23,Thursday,November,Q4,2023,EQ,2351.10,2374.15,2346.95,2356.45,2358.00,2360.70,2363.74,2630.95,2220.30,6567455.00,179828.00
15-Nov-23,Wednesday,November,Q4,2023,EQ,2340.00,2361.95,2327.00,2314.60,2356.10,2356.45,2346.76,2630.95,2220.30,6110324.00,188402.00
13-Nov-23,Monday,November,Q4,2023,EQ,2322.90,2324.60,2311.70,2330.65,2315.10,2314.60,2316.15,2630.95,2220.30,1927405.00,101023.00
12-Nov-23,Sunday,November,Q4,2023,EQ,2326.05,2332.00,2322.50,2314.90,2330.90,2330.65,2328.71,2630.95,2220.30,709922.00,54331.00
10-Nov-23,Friday,November,Q4,2023,EQ,2305.55,2316.35,2298.05,2310.55,2315.90,2314.90,2308.66,2630.95,2220.30,3867477.00,144846.00
09-Nov-23,Thursday,November,Q4,2023,EQ,2335.85,2335.90,2304.20,2335.90,2311.45,2310.55,2316.51,2630.95,2220.30,7256805.00,264597.00
08-Nov-23,Wednesday,November,Q4,2023,EQ,2332.00,2341.00,2321.75,2323.80,2333.75,2335.90,2335.80,2630.95,2220.30,3942247.00,150160.00
07-Nov-23,Tuesday,November,Q4,2023,EQ,2334.05,2339.10,2319.55,2339.00,2323.10,2323.80,2328.29,2630.95,2220.30,3480102.00,164587.00
06-Nov-23,Monday,November,Q4,2023,EQ,2332.30,2340.00,2325.60,2319.70,2339.00,2339.00,2334.20,2630.95,2220.30,5323652.00,159387.00
03-Nov-23,Friday,November,Q4,2023,EQ,2327.20,2334.95,2315.75,2320.20,2319.00,2319.70,2325.94,2630.95,2220.30,4425078.00,157991.00
02-Nov-23,Thursday,November,Q4,2023,EQ,2313.95,2324.30,2307.95,2297.40,2319.00,2320.20,2316.45,2630.95,2220.30,5281052.00,156658.00
01-Nov-23,Wednesday,November,Q4,2023,EQ,2289.15,2317.50,2275.20,2287.90,2294.70,2297.40,2301.86,2630.95,2220.30,5154595.00,172384.00
31-Oct-23,Tuesday,October,Q4,2023,EQ,2328.00,2328.00,2282.90,2312.50,2289.00,2287.90,2302.76,2630.95,2220.30,6404219.00,285198.00
30-Oct-23,Monday,October,Q4,2023,EQ,2274.00,2325.00,2269.95,2265.80,2309.00,2312.50,2310.35,2630.95,2220.30,8406652.00,352375.00
27-Oct-23,Friday,October,Q4,2023,EQ,2240.00,2273.50,2235.95,2226.50,2266.15,2265.80,2262.35,2630.95,2220.30,5885542.00,247495.00
26-Oct-23,Thursday,October,Q4,2023,EQ,2251.00,2258.00,2220.30,2257.95,2223.00,2226.50,2232.86,2630.95,2220.30,7611267.00,349499.00
25-Oct-23,Wednesday,October,Q4,2023,EQ,2250.05,2281.20,2243.00,2263.20,2256.00,2257.95,2261.49,2630.95,2243.00,5810344.00,276253.00
23-Oct-23,Monday,October,Q4,2023,EQ,2290.00,2306.25,2255.25,2299.10,2262.90,2263.20,2283.24,2630.95,2255.25,3926981.00,229519.00
20-Oct-23,Friday,October,Q4,2023,EQ,2300.00,2314.70,2296.30,2306.15,2296.60,2299.10,2302.59,2630.95,2295.00,4456656.00,236801.00
19-Oct-23,Thursday,October,Q4,2023,EQ,2312.00,2321.80,2301.00,2324.00,2304.65,2306.15,2310.08,2630.95,2295.00,6016278.00,306999.00
18-Oct-23,Wednesday,October,Q4,2023,EQ,2355.25,2367.00,2321.00,2355.25,2321.40,2324.00,2341.91,2630.95,2295.00,4459160.00,197131.00
17-Oct-23,Tuesday,October,Q4,2023,EQ,2356.00,2359.70,2341.30,2344.05,2356.20,2355.25,2350.51,2630.95,2295.00,3964090.00,132520.00
16-Oct-23,Monday,October,Q4,2023,EQ,2345.00,2354.55,2336.00,2349.30,2345.80,2344.05,2346.59,2630.95,2295.00,2964518.00,174031.00
13-Oct-23,Friday,October,Q4,2023,EQ,2340.00,2357.50,2329.15,2349.40,2344.95,2349.30,2344.56,2630.95,2295.00,5075158.00,196532.00
12-Oct-23,Thursday,October,Q4,2023,EQ,2343.85,2359.35,2338.15,2345.05,2347.35,2349.40,2350.76,2630.95,2295.00,6277225.00,231306.00
11-Oct-23,Wednesday,October,Q4,2023,EQ,2314.45,2349.70,2313.00,2308.40,2345.75,2345.05,2333.86,2630.95,2295.00,4907059.00,199005.00
10-Oct-23,Tuesday,October,Q4,2023,EQ,2306.55,2317.90,2303.75,2298.25,2310.30,2308.40,2309.03,2630.95,2295.00,5118016.00,240623.00
09-Oct-23,Monday,October,Q4,2023,EQ,2308.10,2311.95,2295.00,2318.00,2295.15,2298.25,2302.95,2630.95,2295.00,3788439.00,215473.00
06-Oct-23,Friday,October,Q4,2023,EQ,2317.05,2324.80,2312.05,2314.10,2317.65,2318.00,2318.80,2630.95,2295.10,2715513.00,165579.00
05-Oct-23,Thursday,October,Q4,2023,EQ,2319.25,2329.40,2309.00,2314.15,2312.90,2314.10,2317.43,2630.95,2295.10,5476841.00,220239.00
04-Oct-23,Wednesday,October,Q4,2023,EQ,2309.00,2319.00,2295.10,2318.15,2314.10,2314.15,2304.24,2630.95,2295.10,5143193.00,261511.00
03-Oct-23,Tuesday,October,Q4,2023,EQ,2329.95,2335.60,2316.00,2345.00,2318.40,2318.15,2322.04,2630.95,2316.00,4429528.00,192207.00
